typeCode,freqCode,refPeriodId,refYear,refMonth,period,reporterCode,reporterISO,reporterDesc,flowCode,flowDesc,partnerCode,partnerISO,partnerDesc,partner2Code,partner2ISO,partner2Desc,classificationCode,classificationSearchCode,isOriginalClassification,cmdCode,cmdDesc,aggrLevel,isLeaf,customsCode,customsDesc,mosCode,motCode,motDesc,qtyUnitCode,qtyUnitAbbr,qty,isQtyEstimated,altQtyUnitCode,altQtyUnitAbbr,altQty,isAltQtyEstimated,netWgt,isNetWgtEstimated,grossWgt,isGrossWgtEstimated,cifvalue,fobvalue,primaryValue,legacyEstimationFlag,isReported,isAggregate
"C","A","20150101","2015","52","2015","76","BRA","Brazil","M","Import","156","CHN","China","0","W00","World","H4","HS","true","TOTAL","All Commodities","0","false","C00","TOTAL CPC","0","0","TOTAL MOT","-1","N/A","0","false","-1","N/A","0","false","0","true","0","false","31999007995","30714059053","31999007995","4","false","true",
"C","A","20150101","2015","52","2015","76","BRA","Brazil","M","Import","231","ETH","Ethiopia","0","W00","World","H4","HS","true","TOTAL","All Commodities","0","false","C00","TOTAL CPC","0","0","TOTAL MOT","-1","N/A","0","false","-1","N/A","0","false","0","true","0","false","104369","97065","104369","4","false","true",
"C","A","20150101","2015","52","2015","76","BRA","Brazil","M","Import","360","IDN","Indonesia","0","W00","World","H4","HS","true","TOTAL","All Commodities","0","false","C00","TOTAL CPC","0","0","TOTAL MOT","-1","N/A","0","false","-1","N/A","0","false","0","true","0","false","1442308404","1374934204","1442308404","4","false","true",
"C","A","20150101","2015","52","2015","76","BRA","Brazil","M","Import","364","IRN","Iran","0","W00","World","H4","HS","true","TOTAL","All Commodities","0","false","C00","TOTAL CPC","0","0","TOTAL MOT","-1","N/A","0","false","-1","N/A","0","false","0","true","0","false","3563513","3282020","3563513","4","false","true",
"C","A","20150101","2015","52","2015","76","BRA","Brazil","M","Import","643","RUS","Russian Federation","0","W00","World","H4","HS","true","TOTAL","All Commodities","0","false","C00","TOTAL CPC","0","0","TOTAL MOT","-1","N/A","0","false","-1","N/A","0","false","0","true","0","false","2357545611","2220842892","2357545611","4","false","true",
"C","A","20150101","2015","52","2015","76","BRA","Brazil","M","Import","682","SAU","Saudi Arabia","0","W00","World","H4","HS","true","TOTAL","All Commodities","0","false","C00","TOTAL CPC","0","0","TOTAL MOT","-1","N/A","0","false","-1","N/A","0","false","0","true","0","false","1970945470","1906560455","1970945470","4","false","true",
"C","A","20150101","2015","52","2015","76","BRA","Brazil","M","Import","699","IND","India","0","W00","World","H4","HS","true","TOTAL","All Commodities","0","false","C00","TOTAL CPC","0","0","TOTAL MOT","-1","N/A","0","false","-1","N/A","0","false","0","true","0","false","4481208770","4289518693","4481208770","4","false","true",
"C","A","20150101","2015","52","2015","76","BRA","Brazil","M","Import","710","ZAF","South Africa","0","W00","World","H4","HS","true","TOTAL","All Commodities","0","false","C00","TOTAL CPC","0","0","TOTAL MOT","-1","N/A","0","false","-1","N/A","0","false","0","true","0","false","677605717","644616812","677605717","4","false","true",
"C","A","20150101","2015","52","2015","76","BRA","Brazil","M","Import","784","ARE","United Arab Emirates","0","W00","World","H4","HS","true","TOTAL","All Commodities","0","false","C00","TOTAL CPC","0","0","TOTAL MOT","-1","N/A","0","false","-1","N/A","0","false","0","true","0","false","491201505","461932000","491201505","4","false","true",
"C","A","20150101","2015","52","2015","76","BRA","Brazil","M","Import","818","EGY","Egypt","0","W00","World","H4","HS","true","TOTAL","All Commodities","0","false","C00","TOTAL CPC","0","0","TOTAL MOT","-1","N/A","0","false","-1","N/A","0","false","0","true","0","false","116503576","108146150","116503576","4","false","true",
"C","A","20150101","2015","52","2015","76","BRA","Brazil","X","Export","156","CHN","China","0","W00","World","H4","HS","true","TOTAL","All Commodities","0","false","C00","TOTAL CPC","0","0","TOTAL MOT","-1","N/A","0","false","-1","N/A","0","false","0","true","0","false",,"35155353691","35155353691","4","false","true",
"C","A","20150101","2015","52","2015","76","BRA","Brazil","X","Export","231","ETH","Ethiopia","0","W00","World","H4","HS","true","TOTAL","All Commodities","0","false","C00","TOTAL CPC","0","0","TOTAL MOT","-1","N/A","0","false","-1","N/A","0","false","0","true","0","false",,"21962083","21962083","4","false","true",
"C","A","20150101","2015","52","2015","76","BRA","Brazil","X","Export","360","IDN","Indonesia","0","W00","World","H4","HS","true","TOTAL","All Commodities","0","false","C00","TOTAL CPC","0","0","TOTAL MOT","-1","N/A","0","false","-1","N/A","0","false","0","true","0","false",,"2186577863","2186577863","4","false","true",
"C","A","20150101","2015","52","2015","76","BRA","Brazil","X","Export","364","IRN","Iran","0","W00","World","H4","HS","true","TOTAL","All Commodities","0","false","C00","TOTAL CPC","0","0","TOTAL MOT","-1","N/A","0","false","-1","N/A","0","false","0","true","0","false",,"1666185295","1666185295","4","false","true",
"C","A","20150101","2015","52","2015","76","BRA","Brazil","X","Export","643","RUS","Russian Federation","0","W00","World","H4","HS","true","TOTAL","All Commodities","0","false","C00","TOTAL CPC","0","0","TOTAL MOT","-1","N/A","0","false","-1","N/A","0","false","0","true","0","false",,"2463242914","2463242914","4","false","true",
"C","A","20150101","2015","52","2015","76","BRA","Brazil","X","Export","682","SAU","Saudi Arabia","0","W00","World","H4","HS","true","TOTAL","All Commodities","0","false","C00","TOTAL CPC","0","0","TOTAL MOT","-1","N/A","0","false","-1","N/A","0","false","0","true","0","false",,"2750066382","2750066382","4","false","true",
"C","A","20150101","2015","52","2015","76","BRA","Brazil","X","Export","699","IND","India","0","W00","World","H4","HS","true","TOTAL","All Commodities","0","false","C00","TOTAL CPC","0","0","TOTAL MOT","-1","N/A","0","false","-1","N/A","0","false","0","true","0","false",,"3617195206","3617195206","4","false","true",
"C","A","20150101","2015","52","2015","76","BRA","Brazil","X","Export","710","ZAF","South Africa","0","W00","World","H4","HS","true","TOTAL","All Commodities","0","false","C00","TOTAL CPC","0","0","TOTAL MOT","-1","N/A","0","false","-1","N/A","0","false","0","true","0","false",,"1353281612","1353281612","4","false","true",
"C","A","20150101","2015","52","2015","76","BRA","Brazil","X","Export","784","ARE","United Arab Emirates","0","W00","World","H4","HS","true","TOTAL","All Commodities","0","false","C00","TOTAL CPC","0","0","TOTAL MOT","-1","N/A","0","false","-1","N/A","0","false","0","true","0","false",,"2503154435","2503154435","4","false","true",
"C","A","20150101","2015","52","2015","76","BRA","Brazil","X","Export","818","EGY","Egypt","0","W00","World","H4","HS","true","TOTAL","All Commodities","0","false","C00","TOTAL CPC","0","0","TOTAL MOT","-1","N/A","0","false","-1","N/A","0","false","0","true","0","false",,"2055849447","2055849447","4","false","true",
"C","A","20160101","2016","52","2016","76","BRA","Brazil","M","Import","156","CHN","China","0","W00","World","H4","HS","true","TOTAL","All Commodities","0","false","C00","TOTAL CPC","0","0","TOTAL MOT","-1","N/A","0","false","-1","N/A","0","false","0","true","0","false","24414045617","23349925863","24414045617","4","false","true",
"C","A","20160101","2016","52","2016","76","BRA","Brazil","M","Import","231","ETH","Ethiopia","0","W00","World","H4","HS","true","TOTAL","All Commodities","0","false","C00","TOTAL CPC","0","0","TOTAL MOT","-1","N/A","0","false","-1","N/A","0","false","0","true","0","false","58471","53502","58471","4","false","true",
"C","A","20160101","2016","52","2016","76","BRA","Brazil","M","Import","360","IDN","Indonesia","0","W00","World","H4","HS","true","TOTAL","All Commodities","0","false","C00","TOTAL CPC","0","0","TOTAL MOT","-1","N/A","0","false","-1","N/A","0","false","0","true","0","false","1283109225","1225352249","1283109225","4","false","true",
"C","A","20160101","2016","52","2016","76","BRA","Brazil","M","Import","364","IRN","Iran","0","W00","World","H4","HS","true","TOTAL","All Commodities","0","false","C00","TOTAL CPC","0","0","TOTAL MOT","-1","N/A","0","false","-1","N/A","0","false","0","true","0","false","82645517","78496642","82645517","4","false","true",
"C","A","20160101","2016","52","2016","76","BRA","Brazil","M","Import","643","RUS","Russian Federation","0","W00","World","H4","HS","true","TOTAL","All Commodities","0","false","C00","TOTAL CPC","0","0","TOTAL MOT","-1","N/A","0","false","-1","N/A","0","false","0","true","0","false","2143694108","2020634544","2143694108","4","false","true",
"C","A","20160101","2016","52","2016","76","BRA","Brazil","M","Import","682","SAU","Saudi Arabia","0","W00","World","H4","HS","true","TOTAL","All Commodities","0","false","C00","TOTAL CPC","0","0","TOTAL MOT","-1","N/A","0","false","-1","N/A","0","false","0","true","0","false","1348509486","1300618642","1348509486","4","false","true",
"C","A","20160101","2016","52","2016","76","BRA","Brazil","M","Import","699","IND","India","0","W00","World","H4","HS","true","TOTAL","All Commodities","0","false","C00","TOTAL CPC","0","0","TOTAL MOT","-1","N/A","0","false","-1","N/A","0","false","0","true","0","false","2573361561","2482209392","2573361561","4","false","true",
"C","A","20160101","2016","52","2016","76","BRA","Brazil","M","Import","710","ZAF","South Africa","0","W00","World","H4","HS","true","TOTAL","All Commodities","0","false","C00","TOTAL CPC","0","0","TOTAL MOT","-1","N/A","0","false","-1","N/A","0","false","0","true","0","false","355810737","336283123","355810737","4","false","true",
"C","A","20160101","2016","52","2016","76","BRA","Brazil","M","Import","784","ARE","United Arab Emirates","0","W00","World","H4","HS","true","TOTAL","All Commodities","0","false","C00","TOTAL CPC","0","0","TOTAL MOT","-1","N/A","0","false","-1","N/A","0","false","0","true","0","false","391624788","366277406","391624788","4","false","true",
"C","A","20160101","2016","52","2016","76","BRA","Brazil","M","Import","818","EGY","Egypt","0","W00","World","H4","HS","true","TOTAL","All Commodities","0","false","C00","TOTAL CPC","0","0","TOTAL MOT","-1","N/A","0","false","-1","N/A","0","false","0","true","0","false","100827408","94435153","100827408","4","false","true",
"C","A","20160101","2016","52","2016","76","BRA","Brazil","X","Export","156","CHN","China","0","W00","World","H4","HS","true","TOTAL","All Commodities","0","false","C00","TOTAL CPC","0","0","TOTAL MOT","-1","N/A","0","false","-1","N/A","0","false","0","true","0","false",,"35133314867","35133314867","4","false","true",
"C","A","20160101","2016","52","2016","76","BRA","Brazil","X","Export","231","ETH","Ethiopia","0","W00","World","H4","HS","true","TOTAL","All Commodities","0","false","C00","TOTAL CPC","0","0","TOTAL MOT","-1","N/A","0","false","-1","N/A","0","false","0","true","0","false",,"13647333","13647333","4","false","true",
"C","A","20160101","2016","52","2016","76","BRA","Brazil","X","Export","360","IDN","Indonesia","0","W00","World","H4","HS","true","TOTAL","All Commodities","0","false","C00","TOTAL CPC","0","0","TOTAL MOT","-1","N/A","0","false","-1","N/A","0","false","0","true","0","false",,"2211031256","2211031256","4","false","true",
"C","A","20160101","2016","52","2016","76","BRA","Brazil","X","Export","364","IRN","Iran","0","W00","World","H4","HS","true","TOTAL","All Commodities","0","false","C00","TOTAL CPC","0","0","TOTAL MOT","-1","N/A","0","false","-1","N/A","0","false","0","true","0","false",,"2232512050","2232512050","4","false","true",
"C","A","20160101","2016","52","2016","76","BRA","Brazil","X","Export","643","RUS","Russian Federation","0","W00","World","H4","HS","true","TOTAL","All Commodities","0","false","C00","TOTAL CPC","0","0","TOTAL MOT","-1","N/A","0","false","-1","N/A","0","false","0","true","0","false",,"2299894613","2299894613","4","false","true",
"C","A","20160101","2016","52","2016","76","BRA","Brazil","X","Export","682","SAU","Saudi Arabia","0","W00","World","H4","HS","true","TOTAL","All Commodities","0","false","C00","TOTAL CPC","0","0","TOTAL MOT","-1","N/A","0","false","-1","N/A","0","false","0","true","0","false",,"2487253111","2487253111","4","false","true",
"C","A","20160101","2016","52","2016","76","BRA","Brazil","X","Export","699","IND","India","0","W00","World","H4","HS","true","TOTAL","All Commodities","0","false","C00","TOTAL CPC","0","0","TOTAL MOT","-1","N/A","0","false","-1","N/A","0","false","0","true","0","false",,"3161432097","3161432097","4","false","true",
"C","A","20160101","2016","52","2016","76","BRA","Brazil","X","Export","710","ZAF","South Africa","0","W00","World","H4","HS","true","TOTAL","All Commodities","0","false","C00","TOTAL CPC","0","0","TOTAL MOT","-1","N/A","0","false","-1","N/A","0","false","0","true","0","false",,"1397021495","1397021495","4","false","true",
"C","A","20160101","2016","52","2016","76","BRA","Brazil","X","Export","784","ARE","United Arab Emirates","0","W00","World","H4","HS","true","TOTAL","All Commodities","0","false","C00","TOTAL CPC","0","0","TOTAL MOT","-1","N/A","0","false","-1","N/A","0","false","0","true","0","false",,"2235068415","2235068415","4","false","true",
"C","A","20160101","2016","52","2016","76","BRA","Brazil","X","Export","818","EGY","Egypt","0","W00","World","H4","HS","true","TOTAL","All Commodities","0","false","C00","TOTAL CPC","0","0","TOTAL MOT","-1","N/A","0","false","-1","N/A","0","false","0","true","0","false",,"1772017724","1772017724","4","false","true",
"C","A","20170101","2017","52","2017","76","BRA","Brazil","M","Import","156","CHN","China","0","W00","World","H5","HS","true","TOTAL","All Commodities","0","false","C00","TOTAL CPC","0","0","TOTAL MOT","-1","N/A","0","false","-1","N/A","0","false","0","true","0","false","29094836692","27553977676","29094836692","4","false","true",
"C","A","20170101","2017","52","2017","76","BRA","Brazil","M","Import","231","ETH","Ethiopia","0","W00","World","H5","HS","true","TOTAL","All Commodities","0","false","C00","TOTAL CPC","0","0","TOTAL MOT","-1","N/A","0","false","-1","N/A","0","false","0","true","0","false","338960","330137","338960","4","false","true",
"C","A","20170101","2017","52","2017","76","BRA","Brazil","M","Import","360","IDN","Indonesia","0","W00","World","H5","HS","true","TOTAL","All Commodities","0","false","C00","TOTAL CPC","0","0","TOTAL MOT","-1","N/A","0","false","-1","N/A","0","false","0","true","0","false","1445295478","1377293119","1445295478","4","false","true",
"C","A","20170101","2017","52","2017","76","BRA","Brazil","M","Import","364","IRN","Iran","0","W00","World","H5","HS","true","TOTAL","All Commodities","0","false","C00","TOTAL CPC","0","0","TOTAL MOT","-1","N/A","0","false","-1","N/A","0","false","0","true","0","false","43877565","40900733","43877565","4","false","true",
"C","A","20170101","2017","52","2017","76","BRA","Brazil","M","Import","643","RUS","Russian Federation","0","W00","World","H5","HS","true","TOTAL","All Commodities","0","false","C00","TOTAL CPC","0","0","TOTAL MOT","-1","N/A","0","false","-1","N/A","0","false","0","true","0","false","2850168384","2665817852","2850168384","4","false","true",
"C","A","20170101","2017","52","2017","76","BRA","Brazil","M","Import","682","SAU","Saudi Arabia","0","W00","World","H5","HS","true","TOTAL","All Commodities","0","false","C00","TOTAL CPC","0","0","TOTAL MOT","-1","N/A","0","false","-1","N/A","0","false","0","true","0","false","1942597416","1882332123","1942597416","4","false","true",
"C","A","20170101","2017","52","2017","76","BRA","Brazil","M","Import","699","IND","India","0","W00","World","H5","HS","true","TOTAL","All Commodities","0","false","C00","TOTAL CPC","0","0","TOTAL MOT","-1","N/A","0","false","-1","N/A","0","false","0","true","0","false","3118728509","2984915255","3118728509","4","false","true",
"C","A","20170101","2017","52","2017","76","BRA","Brazil","M","Import","710","ZAF","South Africa","0","W00","World","H5","HS","true","TOTAL","All Commodities","0","false","C00","TOTAL CPC","0","0","TOTAL MOT","-1","N/A","0","false","-1","N/A","0","false","0","true","0","false","513238937","490144016","513238937","4","false","true",
"C","A","20170101","2017","52","2017","76","BRA","Brazil","M","Import","784","ARE","United Arab Emirates","0","W00","World","H5","HS","true","TOTAL","All Commodities","0","false","C00","TOTAL CPC","0","0","TOTAL MOT","-1","N/A","0","false","-1","N/A","0","false","0","true","0","false","200856580","186951032","200856580","4","false","true",
"C","A","20170101","2017","52","2017","76","BRA","Brazil","M","Import","818","EGY","Egypt","0","W00","World","H5","HS","true","TOTAL","All Commodities","0","false","C00","TOTAL CPC","0","0","TOTAL MOT","-1","N/A","0","false","-1","N/A","0","false","0","true","0","false","169102773","155477370","169102773","4","false","true",
"C","A","20170101","2017","52","2017","76","BRA","Brazil","X","Export","156","CHN","China","0","W00","World","H5","HS","true","TOTAL","All Commodities","0","false","C00","TOTAL CPC","0","0","TOTAL MOT","-1","N/A","0","false","-1","N/A","0","false","0","true","0","false",,"47488449966","47488449966","4","false","true",
"C","A","20170101","2017","52","2017","76","BRA","Brazil","X","Export","231","ETH","Ethiopia","0","W00","World","H5","HS","true","TOTAL","All Commodities","0","false","C00","TOTAL CPC","0","0","TOTAL MOT","-1","N/A","0","false","-1","N/A","0","false","0","true","0","false",,"30259497","30259497","4","false","true",
"C","A","20170101","2017","52","2017","76","BRA","Brazil","X","Export","360","IDN","Indonesia","0","W00","World","H5","HS","true","TOTAL","All Commodities","0","false","C00","TOTAL CPC","0","0","TOTAL MOT","-1","N/A","0","false","-1","N/A","0","false","0","true","0","false",,"1782634968","1782634968","4","false","true",
"C","A","20170101","2017","52","2017","76","BRA","Brazil","X","Export","364","IRN","Iran","0","W00","World","H5","HS","true","TOTAL","All Commodities","0","false","C00","TOTAL CPC","0","0","TOTAL MOT","-1","N/A","0","false","-1","N/A","0","false","0","true","0","false",,"2559657029","2559657029","4","false","true",
"C","A","20170101","2017","52","2017","76","BRA","Brazil","X","Export","643","RUS","Russian Federation","0","W00","World","H5","HS","true","TOTAL","All Commodities","0","false","C00","TOTAL CPC","0","0","TOTAL MOT","-1","N/A","0","false","-1","N/A","0","false","0","true","0","false",,"2736531853","2736531853","4","false","true",
"C","A","20170101","2017","52","2017","76","BRA","Brazil","X","Export","682","SAU","Saudi Arabia","0","W00","World","H5","HS","true","TOTAL","All Commodities","0","false","C00","TOTAL CPC","0","0","TOTAL MOT","-1","N/A","0","false","-1","N/A","0","false","0","true","0","false",,"2656719990","2656719990","4","false","true",
"C","A","20170101","2017","52","2017","76","BRA","Brazil","X","Export","699","IND","India","0","W00","World","H5","HS","true","TOTAL","All Commodities","0","false","C00","TOTAL CPC","0","0","TOTAL MOT","-1","N/A","0","false","-1","N/A","0","false","0","true","0","false",,"4657327590","4657327590","4","false","true",
"C","A","20170101","2017","52","2017","76","BRA","Brazil","X","Export","710","ZAF","South Africa","0","W00","World","H5","HS","true","TOTAL","All Commodities","0","false","C00","TOTAL CPC","0","0","TOTAL MOT","-1","N/A","0","false","-1","N/A","0","false","0","true","0","false",,"1509611624","1509611624","4","false","true",
"C","A","20170101","2017","52","2017","76","BRA","Brazil","X","Export","784","ARE","United Arab Emirates","0","W00","World","H5","HS","true","TOTAL","All Commodities","0","false","C00","TOTAL CPC","0","0","TOTAL MOT","-1","N/A","0","false","-1","N/A","0","false","0","true","0","false",,"2508052810","2508052810","4","false","true",
"C","A","20170101","2017","52","2017","76","BRA","Brazil","X","Export","818","EGY","Egypt","0","W00","World","H5","HS","true","TOTAL","All Commodities","0","false","C00","TOTAL CPC","0","0","TOTAL MOT","-1","N/A","0","false","-1","N/A","0","false","0","true","0","false",,"2417986425","2417986425","4","false","true",
"C","A","20180101","2018","52","2018","76","BRA","Brazil","M","Import","156","CHN","China","0","W00","World","H5","HS","true","TOTAL","All Commodities","0","false","C00","TOTAL CPC","0","0","TOTAL MOT","-1","N/A","0","false","-1","N/A","0","false","0","true","0","false","36715527802","35157234634","36715527802","4","false","true",
"C","A","20180101","2018","52","2018","76","BRA","Brazil","M","Import","231","ETH","Ethiopia","0","W00","World","H5","HS","true","TOTAL","All Commodities","0","false","C00","TOTAL CPC","0","0","TOTAL MOT","-1","N/A","0","false","-1","N/A","0","false","0","true","0","false","63781","59475","63781","4","false","true",
"C","A","20180101","2018","52","2018","76","BRA","Brazil","M","Import","360","IDN","Indonesia","0","W00","World","H5","HS","true","TOTAL","All Commodities","0","false","C00","TOTAL CPC","0","0","TOTAL MOT","-1","N/A","0","false","-1","N/A","0","false","0","true","0","false","1423687853","1356221893","1423687853","4","false","true",
"C","A","20180101","2018","52","2018","76","BRA","Brazil","M","Import","364","IRN","Iran","0","W00","World","H5","HS","true","TOTAL","All Commodities","0","false","C00","TOTAL CPC","0","0","TOTAL MOT","-1","N/A","0","false","-1","N/A","0","false","0","true","0","false","42262521","39916882","42262521","4","false","true",
"C","A","20180101","2018","52","2018","76","BRA","Brazil","M","Import","643","RUS","Russian Federation","0","W00","World","H5","HS","true","TOTAL","All Commodities","0","false","C00","TOTAL CPC","0","0","TOTAL MOT","-1","N/A","0","false","-1","N/A","0","false","0","true","0","false","3647390744","3403255124","3647390744","4","false","true",
"C","A","20180101","2018","52","2018","76","BRA","Brazil","M","Import","682","SAU","Saudi Arabia","0","W00","World","H5","HS","true","TOTAL","All Commodities","0","false","C00","TOTAL CPC","0","0","TOTAL MOT","-1","N/A","0","false","-1","N/A","0","false","0","true","0","false","2387190422","2318572298","2387190422","4","false","true",
"C","A","20180101","2018","52","2018","76","BRA","Brazil","M","Import","699","IND","India","0","W00","World","H5","HS","true","TOTAL","All Commodities","0","false","C00","TOTAL CPC","0","0","TOTAL MOT","-1","N/A","0","false","-1","N/A","0","false","0","true","0","false","4033284908","3867821907","4033284908","4","false","true",
"C","A","20180101","2018","52","2018","76","BRA","Brazil","M","Import","710","ZAF","South Africa","0","W00","World","H5","HS","true","TOTAL","All Commodities","0","false","C00","TOTAL CPC","0","0","TOTAL MOT","-1","N/A","0","false","-1","N/A","0","false","0","true","0","false","686121883","664032724","686121883","4","false","true",
"C","A","20180101","2018","52","2018","76","BRA","Brazil","M","Import","784","ARE","United Arab Emirates","0","W00","World","H5","HS","true","TOTAL","All Commodities","0","false","C00","TOTAL CPC","0","0","TOTAL MOT","-1","N/A","0","false","-1","N/A","0","false","0","true","0","false","592067248","561532769","592067248","4","false","true",
"C","A","20180101","2018","52","2018","76","BRA","Brazil","M","Import","818","EGY","Egypt","0","W00","World","H5","HS","true","TOTAL","All Commodities","0","false","C00","TOTAL CPC","0","0","TOTAL MOT","-1","N/A","0","false","-1","N/A","0","false","0","true","0","false","296479055","269477485","296479055","4","false","true",
"C","A","20180101","2018","52","2018","76","BRA","Brazil","X","Export","156","CHN","China","0","W00","World","H5","HS","true","TOTAL","All Commodities","0","false","C00","TOTAL CPC","0","0","TOTAL MOT","-1","N/A","0","false","-1","N/A","0","false","0","true","0","false",,"63929563241","63929563241","4","false","true",
"C","A","20180101","2018","52","2018","76","BRA","Brazil","X","Export","231","ETH","Ethiopia","0","W00","World","H5","HS","true","TOTAL","All Commodities","0","false","C00","TOTAL CPC","0","0","TOTAL MOT","-1","N/A","0","false","-1","N/A","0","false","0","true","0","false",,"25792370","25792370","4","false","true",
"C","A","20180101","2018","52","2018","76","BRA","Brazil","X","Export","360","IDN","Indonesia","0","W00","World","H5","HS","true","TOTAL","All Commodities","0","false","C00","TOTAL CPC","0","0","TOTAL MOT","-1","N/A","0","false","-1","N/A","0","false","0","true","0","false",,"1484502292","1484502292","4","false","true",
"C","A","20180101","2018","52","2018","76","BRA","Brazil","X","Export","364","IRN","Iran","0","W00","World","H5","HS","true","TOTAL","All Commodities","0","false","C00","TOTAL CPC","0","0","TOTAL MOT","-1","N/A","0","false","-1","N/A","0","false","0","true","0","false",,"2258521335","2258521335","4","false","true",
"C","A","20180101","2018","52","2018","76","BRA","Brazil","X","Export","643","RUS","Russian Federation","0","W00","World","H5","HS","true","TOTAL","All Commodities","0","false","C00","TOTAL CPC","0","0","TOTAL MOT","-1","N/A","0","false","-1","N/A","0","false","0","true","0","false",,"1654847021","1654847021","4","false","true",
"C","A","20180101","2018","52","2018","76","BRA","Brazil","X","Export","682","SAU","Saudi Arabia","0","W00","World","H5","HS","true","TOTAL","All Commodities","0","false","C00","TOTAL CPC","0","0","TOTAL MOT","-1","N/A","0","false","-1","N/A","0","false","0","true","0","false",,"2100132300","2100132300","4","false","true",
"C","A","20180101","2018","52","2018","76","BRA","Brazil","X","Export","699","IND","India","0","W00","World","H5","HS","true","TOTAL","All Commodities","0","false","C00","TOTAL CPC","0","0","TOTAL MOT","-1","N/A","0","false","-1","N/A","0","false","0","true","0","false",,"3908941505","3908941505","4","false","true",
"C","A","20180101","2018","52","2018","76","BRA","Brazil","X","Export","710","ZAF","South Africa","0","W00","World","H5","HS","true","TOTAL","All Commodities","0","false","C00","TOTAL CPC","0","0","TOTAL MOT","-1","N/A","0","false","-1","N/A","0","false","0","true","0","false",,"1362466344","1362466344","4","false","true",
"C","A","20180101","2018","52","2018","76","BRA","Brazil","X","Export","784","ARE","United Arab Emirates","0","W00","World","H5","HS","true","TOTAL","All Commodities","0","false","C00","TOTAL CPC","0","0","TOTAL MOT","-1","N/A","0","false","-1","N/A","0","false","0","true","0","false",,"2040345632","2040345632","4","false","true",
"C","A","20180101","2018","52","2018","76","BRA","Brazil","X","Export","818","EGY","Egypt","0","W00","World","H5","HS","true","TOTAL","All Commodities","0","false","C00","TOTAL CPC","0","0","TOTAL MOT","-1","N/A","0","false","-1","N/A","0","false","0","true","0","false",,"2132662929","2132662929","4","false","true",
"C","A","20190101","2019","52","2019","76","BRA","Brazil","M","Import","156","CHN","China","0","W00","World","H5","HS","true","TOTAL","All Commodities","0","false","C00","TOTAL CPC","0","0","TOTAL MOT","-1","N/A","0","false","-1","N/A","0","false","0","true","0","false","37463786493","36028297004","37463786493","4","false","true",
"C","A","20190101","2019","52","2019","76","BRA","Brazil","M","Import","231","ETH","Ethiopia","0","W00","World","H5","HS","true","TOTAL","All Commodities","0","false","C00","TOTAL CPC","0","0","TOTAL MOT","-1","N/A","0","false","-1","N/A","0","false","0","true","0","false","101031","98232","101031","4","false","true",
"C","A","20190101","2019","52","2019","76","BRA","Brazil","M","Import","360","IDN","Indonesia","0","W00","World","H5","HS","true","TOTAL","All Commodities","0","false","C00","TOTAL CPC","0","0","TOTAL MOT","-1","N/A","0","false","-1","N/A","0","false","0","true","0","false","1375797026","1311829635","1375797026","4","false","true",
"C","A","20190101","2019","52","2019","76","BRA","Brazil","M","Import","364","IRN","Iran","0","W00","World","H5","HS","true","TOTAL","All Commodities","0","false","C00","TOTAL CPC","0","0","TOTAL MOT","-1","N/A","0","false","-1","N/A","0","false","0","true","0","false","123285679","116229972","123285679","4","false","true",
"C","A","20190101","2019","52","2019","76","BRA","Brazil","M","Import","643","RUS","Russian Federation","0","W00","World","H5","HS","true","TOTAL","All Commodities","0","false","C00","TOTAL CPC","0","0","TOTAL MOT","-1","N/A","0","false","-1","N/A","0","false","0","true","0","false","3974540292","3715806864","3974540292","4","false","true",
"C","A","20190101","2019","52","2019","76","BRA","Brazil","M","Import","682","SAU","Saudi Arabia","0","W00","World","H5","HS","true","TOTAL","All Commodities","0","false","C00","TOTAL CPC","0","0","TOTAL MOT","-1","N/A","0","false","-1","N/A","0","false","0","true","0","false","2400152220","2299606685","2400152220","4","false","true",
"C","A","20190101","2019","52","2019","76","BRA","Brazil","M","Import","699","IND","India","0","W00","World","H5","HS","true","TOTAL","All Commodities","0","false","C00","TOTAL CPC","0","0","TOTAL MOT","-1","N/A","0","false","-1","N/A","0","false","0","true","0","false","4697247854","4536993946","4697247854","4","false","true",
"C","A","20190101","2019","52","2019","76","BRA","Brazil","M","Import","710","ZAF","South Africa","0","W00","World","H5","HS","true","TOTAL","All Commodities","0","false","C00","TOTAL CPC","0","0","TOTAL MOT","-1","N/A","0","false","-1","N/A","0","false","0","true","0","false","773265124","751990917","773265124","4","false","true",
"C","A","20190101","2019","52","2019","76","BRA","Brazil","M","Import","784","ARE","United Arab Emirates","0","W00","World","H5","HS","true","TOTAL","All Commodities","0","false","C00","TOTAL CPC","0","0","TOTAL MOT","-1","N/A","0","false","-1","N/A","0","false","0","true","0","false","576712418","554564354","576712418","4","false","true",
"C","A","20190101","2019","52","2019","76","BRA","Brazil","M","Import","818","EGY","Egypt","0","W00","World","H5","HS","true","TOTAL","All Commodities","0","false","C00","TOTAL CPC","0","0","TOTAL MOT","-1","N/A","0","false","-1","N/A","0","false","0","true","0","false","347394400","314965566","347394400","4","false","true",
"C","A","20190101","2019","52","2019","76","BRA","Brazil","X","Export","156","CHN","China","0","W00","World","H5","HS","true","TOTAL","All Commodities","0","false","C00","TOTAL CPC","0","0","TOTAL MOT","-1","N/A","0","false","-1","N/A","0","false","0","true","0","false",,"63357523149","63357523149","4","false","true",
"C","A","20190101","2019","52","2019","76","BRA","Brazil","X","Export","231","ETH","Ethiopia","0","W00","World","H5","HS","true","TOTAL","All Commodities","0","false","C00","TOTAL CPC","0","0","TOTAL MOT","-1","N/A","0","false","-1","N/A","0","false","0","true","0","false",,"7975791","7975791","4","false","true",
"C","A","20190101","2019","52","2019","76","BRA","Brazil","X","Export","360","IDN","Indonesia","0","W00","World","H5","HS","true","TOTAL","All Commodities","0","false","C00","TOTAL CPC","0","0","TOTAL MOT","-1","N/A","0","false","-1","N/A","0","false","0","true","0","false",,"1716599543","1716599543","4","false","true",
"C","A","20190101","2019","52","2019","76","BRA","Brazil","X","Export","364","IRN","Iran","0","W00","World","H5","HS","true","TOTAL","All Commodities","0","false","C00","TOTAL CPC","0","0","TOTAL MOT","-1","N/A","0","false","-1","N/A","0","false","0","true","0","false",,"2192351146","2192351146","4","false","true",
"C","A","20190101","2019","52","2019","76","BRA","Brazil","X","Export","643","RUS","Russian Federation","0","W00","World","H5","HS","true","TOTAL","All Commodities","0","false","C00","TOTAL CPC","0","0","TOTAL MOT","-1","N/A","0","false","-1","N/A","0","false","0","true","0","false",,"1618719276","1618719276","4","false","true",
"C","A","20190101","2019","52","2019","76","BRA","Brazil","X","Export","682","SAU","Saudi Arabia","0","W00","World","H5","HS","true","TOTAL","All Commodities","0","false","C00","TOTAL CPC","0","0","TOTAL MOT","-1","N/A","0","false","-1","N/A","0","false","0","true","0","false",,"2027558592","2027558592","4","false","true",
"C","A","20190101","2019","52","2019","76","BRA","Brazil","X","Export","699","IND","India","0","W00","World","H5","HS","true","TOTAL","All Commodities","0","false","C00","TOTAL CPC","0","0","TOTAL MOT","-1","N/A","0","false","-1","N/A","0","false","0","true","0","false",,"2776645771","2776645771","4","false","true",
"C","A","20190101","2019","52","2019","76","BRA","Brazil","X","Export","710","ZAF","South Africa","0","W00","World","H5","HS","true","TOTAL","All Commodities","0","false","C00","TOTAL CPC","0","0","TOTAL MOT","-1","N/A","0","false","-1","N/A","0","false","0","true","0","false",,"1132155198","1132155198","4","false","true",
"C","A","20190101","2019","52","2019","76","BRA","Brazil","X","Export","784","ARE","United Arab Emirates","0","W00","World","H5","HS","true","TOTAL","All Commodities","0","false","C00","TOTAL CPC","0","0","TOTAL MOT","-1","N/A","0","false","-1","N/A","0","false","0","true","0","false",,"2250172962","2250172962","4","false","true",
"C","A","20190101","2019","52","2019","76","BRA","Brazil","X","Export","818","EGY","Egypt","0","W00","World","H5","HS","true","TOTAL","All Commodities","0","false","C00","TOTAL CPC","0","0","TOTAL MOT","-1","N/A","0","false","-1","N/A","0","false","0","true","0","false",,"1831260799","1831260799","4","false","true",
"C","A","20200101","2020","52","2020","76","BRA","Brazil","M","Import","156","CHN","China","0","W00","World","H5","HS","true","TOTAL","All Commodities","0","false","C00","TOTAL CPC","0","0","TOTAL MOT","-1","N/A","0","false","-1","N/A","0","false","0","true","0","false","36737797587","34778441387","36737797587","4","false","true",
"C","A","20200101","2020","52","2020","76","BRA","Brazil","M","Import","231","ETH","Ethiopia","0","W00","World","H5","HS","true","TOTAL","All Commodities","0","false","C00","TOTAL CPC","0","0","TOTAL MOT","-1","N/A","0","false","-1","N/A","0","false","0","true","0","false","100040","98012","100040","4","false","true",
"C","A","20200101","2020","52","2020","76","BRA","Brazil","M","Import","360","IDN","Indonesia","0","W00","World","H5","HS","true","TOTAL","All Commodities","0","false","C00","TOTAL CPC","0","0","TOTAL MOT","-1","N/A","0","false","-1","N/A","0","false","0","true","0","false","1206488183","1139753048","1206488183","4","false","true",
"C","A","20200101","2020","52","2020","76","BRA","Brazil","M","Import","364","IRN","Iran","0","W00","World","H5","HS","true","TOTAL","All Commodities","0","false","C00","TOTAL CPC","0","0","TOTAL MOT","-1","N/A","0","false","-1","N/A","0","false","0","true","0","false","122910701","116040077","122910701","4","false","true",
"C","A","20200101","2020","52","2020","76","BRA","Brazil","M","Import","643","RUS","Russian Federation","0","W00","World","H5","HS","true","TOTAL","All Commodities","0","false","C00","TOTAL CPC","0","0","TOTAL MOT","-1","N/A","0","false","-1","N/A","0","false","0","true","0","false","2974864529","2747251333","2974864529","4","false","true",
"C","A","20200101","2020","52","2020","76","BRA","Brazil","M","Import","682","SAU","Saudi Arabia","0","W00","World","H5","HS","true","TOTAL","All Commodities","0","false","C00","TOTAL CPC","0","0","TOTAL MOT","-1","N/A","0","false","-1","N/A","0","false","0","true","0","false","1625636735","1527534925","1625636735","4","false","true",
"C","A","20200101","2020","52","2020","76","BRA","Brazil","M","Import","699","IND","India","0","W00","World","H5","HS","true","TOTAL","All Commodities","0","false","C00","TOTAL CPC","0","0","TOTAL MOT","-1","N/A","0","false","-1","N/A","0","false","0","true","0","false","4350417331","4167453691","4350417331","4","false","true",
"C","A","20200101","2020","52","2020","76","BRA","Brazil","M","Import","710","ZAF","South Africa","0","W00","World","H5","HS","true","TOTAL","All Commodities","0","false","C00","TOTAL CPC","0","0","TOTAL MOT","-1","N/A","0","false","-1","N/A","0","false","0","true","0","false","626153402","612238450","626153402","4","false","true",
"C","A","20200101","2020","52","2020","76","BRA","Brazil","M","Import","784","ARE","United Arab Emirates","0","W00","World","H5","HS","true","TOTAL","All Commodities","0","false","C00","TOTAL CPC","0","0","TOTAL MOT","-1","N/A","0","false","-1","N/A","0","false","0","true","0","false","764278363","733993857","764278363","4","false","true",
"C","A","20200101","2020","52","2020","76","BRA","Brazil","M","Import","818","EGY","Egypt","0","W00","World","H5","HS","true","TOTAL","All Commodities","0","false","C00","TOTAL CPC","0","0","TOTAL MOT","-1","N/A","0","false","-1","N/A","0","false","0","true","0","false","231023287","212188566","231023287","4","false","true",
"C","A","20200101","2020","52","2020","76","BRA","Brazil","X","Export","156","CHN","China","0","W00","World","H5","HS","true","TOTAL","All Commodities","0","false","C00","TOTAL CPC","0","0","TOTAL MOT","-1","N/A","0","false","-1","N/A","0","false","0","true","0","false",,"67788075211","67788075211","4","false","true",
"C","A","20200101","2020","52","2020","76","BRA","Brazil","X","Export","231","ETH","Ethiopia","0","W00","World","H5","HS","true","TOTAL","All Commodities","0","false","C00","TOTAL CPC","0","0","TOTAL MOT","-1","N/A","0","false","-1","N/A","0","false","0","true","0","false",,"11566684","11566684","4","false","true",
"C","A","20200101","2020","52","2020","76","BRA","Brazil","X","Export","360","IDN","Indonesia","0","W00","World","H5","HS","true","TOTAL","All Commodities","0","false","C00","TOTAL CPC","0","0","TOTAL MOT","-1","N/A","0","false","-1","N/A","0","false","0","true","0","false",,"2153608559","2153608559","4","false","true",
"C","A","20200101","2020","52","2020","76","BRA","Brazil","X","Export","364","IRN","Iran","0","W00","World","H5","HS","true","TOTAL","All Commodities","0","false","C00","TOTAL CPC","0","0","TOTAL MOT","-1","N/A","0","false","-1","N/A","0","false","0","true","0","false",,"1156565756","1156565756","4","false","true",
"C","A","20200101","2020","52","2020","76","BRA","Brazil","X","Export","643","RUS","Russian Federation","0","W00","World","H5","HS","true","TOTAL","All Commodities","0","false","C00","TOTAL CPC","0","0","TOTAL MOT","-1","N/A","0","false","-1","N/A","0","false","0","true","0","false",,"1523729890","1523729890","4","false","true",
"C","A","20200101","2020","52","2020","76","BRA","Brazil","X","Export","682","SAU","Saudi Arabia","0","W00","World","H5","HS","true","TOTAL","All Commodities","0","false","C00","TOTAL CPC","0","0","TOTAL MOT","-1","N/A","0","false","-1","N/A","0","false","0","true","0","false",,"1886920066","1886920066","4","false","true",
"C","A","20200101","2020","52","2020","76","BRA","Brazil","X","Export","699","IND","India","0","W00","World","H5","HS","true","TOTAL","All Commodities","0","false","C00","TOTAL CPC","0","0","TOTAL MOT","-1","N/A","0","false","-1","N/A","0","false","0","true","0","false",,"2884744854","2884744854","4","false","true",
"C","A","20200101","2020","52","2020","76","BRA","Brazil","X","Export","710","ZAF","South Africa","0","W00","World","H5","HS","true","TOTAL","All Commodities","0","false","C00","TOTAL CPC","0","0","TOTAL MOT","-1","N/A","0","false","-1","N/A","0","false","0","true","0","false",,"989028874","989028874","4","false","true",
"C","A","20200101","2020","52","2020","76","BRA","Brazil","X","Export","784","ARE","United Arab Emirates","0","W00","World","H5","HS","true","TOTAL","All Commodities","0","false","C00","TOTAL CPC","0","0","TOTAL MOT","-1","N/A","0","false","-1","N/A","0","false","0","true","0","false",,"2056784949","2056784949","4","false","true",
"C","A","20200101","2020","52","2020","76","BRA","Brazil","X","Export","818","EGY","Egypt","0","W00","World","H5","HS","true","TOTAL","All Commodities","0","false","C00","TOTAL CPC","0","0","TOTAL MOT","-1","N/A","0","false","-1","N/A","0","false","0","true","0","false",,"1754031562","1754031562","4","false","true",
"C","A","20210101","2021","52","2021","76","BRA","Brazil","M","Import","156","CHN","China","0","W00","World","H5","HS","true","TOTAL","All Commodities","0","false","C00","TOTAL CPC","0","0","TOTAL MOT","-1","N/A","0","false","-1","N/A","0","false","0","true","0","false","53464016770","47650945474","53464016770","4","false","true",
"C","A","20210101","2021","52","2021","76","BRA","Brazil","M","Import","231","ETH","Ethiopia","0","W00","World","H5","HS","true","TOTAL","All Commodities","0","false","C00","TOTAL CPC","0","0","TOTAL MOT","-1","N/A","0","false","-1","N/A","0","false","0","true","0","false","349983","334619","349983","4","false","true",
"C","A","20210101","2021","52","2021","76","BRA","Brazil","M","Import","360","IDN","Indonesia","0","W00","World","H5","HS","true","TOTAL","All Commodities","0","false","C00","TOTAL CPC","0","0","TOTAL MOT","-1","N/A","0","false","-1","N/A","0","false","0","true","0","false","1933110990","1768893082","1933110990","4","false","true",
"C","A","20210101","2021","52","2021","76","BRA","Brazil","M","Import","364","IRN","Iran","0","W00","World","H5","HS","true","TOTAL","All Commodities","0","false","C00","TOTAL CPC","0","0","TOTAL MOT","-1","N/A","0","false","-1","N/A","0","false","0","true","0","false","68291486","65274193","68291486","4","false","true",
"C","A","20210101","2021","52","2021","76","BRA","Brazil","M","Import","643","RUS","Russian Federation","0","W00","World","H5","HS","true","TOTAL","All Commodities","0","false","C00","TOTAL CPC","0","0","TOTAL MOT","-1","N/A","0","false","-1","N/A","0","false","0","true","0","false","6228322609","5698759353","6228322609","4","false","true",
"C","A","20210101","2021","52","2021","76","BRA","Brazil","M","Import","682","SAU","Saudi Arabia","0","W00","World","H5","HS","true","TOTAL","All Commodities","0","false","C00","TOTAL CPC","0","0","TOTAL MOT","-1","N/A","0","false","-1","N/A","0","false","0","true","0","false","3006642942","2880884422","3006642942","4","false","true",
"C","A","20210101","2021","52","2021","76","BRA","Brazil","M","Import","699","IND","India","0","W00","World","H5","HS","true","TOTAL","All Commodities","0","false","C00","TOTAL CPC","0","0","TOTAL MOT","-1","N/A","0","false","-1","N/A","0","false","0","true","0","false","7233947615","6728421314","7233947615","4","false","true",
"C","A","20210101","2021","52","2021","76","BRA","Brazil","M","Import","710","ZAF","South Africa","0","W00","World","H5","HS","true","TOTAL","All Commodities","0","false","C00","TOTAL CPC","0","0","TOTAL MOT","-1","N/A","0","false","-1","N/A","0","false","0","true","0","false","1029968551","1003072173","1029968551","4","false","true",
"C","A","20210101","2021","52","2021","76","BRA","Brazil","M","Import","784","ARE","United Arab Emirates","0","W00","World","H5","HS","true","TOTAL","All Commodities","0","false","C00","TOTAL CPC","0","0","TOTAL MOT","-1","N/A","0","false","-1","N/A","0","false","0","true","0","false","1031023844","977815774","1031023844","4","false","true",
"C","A","20210101","2021","52","2021","76","BRA","Brazil","M","Import","818","EGY","Egypt","0","W00","World","H5","HS","true","TOTAL","All Commodities","0","false","C00","TOTAL CPC","0","0","TOTAL MOT","-1","N/A","0","false","-1","N/A","0","false","0","true","0","false","612971594","541969908","612971594","4","false","true",
"C","A","20210101","2021","52","2021","76","BRA","Brazil","X","Export","156","CHN","China","0","W00","World","H5","HS","true","TOTAL","All Commodities","0","false","C00","TOTAL CPC","0","0","TOTAL MOT","-1","N/A","0","false","-1","N/A","0","false","0","true","0","false",,"87907887856","87907887856","4","false","true",
"C","A","20210101","2021","52","2021","76","BRA","Brazil","X","Export","231","ETH","Ethiopia","0","W00","World","H5","HS","true","TOTAL","All Commodities","0","false","C00","TOTAL CPC","0","0","TOTAL MOT","-1","N/A","0","false","-1","N/A","0","false","0","true","0","false",,"11752367","11752367","4","false","true",
"C","A","20210101","2021","52","2021","76","BRA","Brazil","X","Export","360","IDN","Indonesia","0","W00","World","H5","HS","true","TOTAL","All Commodities","0","false","C00","TOTAL CPC","0","0","TOTAL MOT","-1","N/A","0","false","-1","N/A","0","false","0","true","0","false",,"2054929089","2054929089","4","false","true",
"C","A","20210101","2021","52","2021","76","BRA","Brazil","X","Export","364","IRN","Iran","0","W00","World","H5","HS","true","TOTAL","All Commodities","0","false","C00","TOTAL CPC","0","0","TOTAL MOT","-1","N/A","0","false","-1","N/A","0","false","0","true","0","false",,"1940973801","1940973801","4","false","true",
"C","A","20210101","2021","52","2021","76","BRA","Brazil","X","Export","643","RUS","Russian Federation","0","W00","World","H5","HS","true","TOTAL","All Commodities","0","false","C00","TOTAL CPC","0","0","TOTAL MOT","-1","N/A","0","false","-1","N/A","0","false","0","true","0","false",,"1587205423","1587205423","4","false","true",
"C","A","20210101","2021","52","2021","76","BRA","Brazil","X","Export","682","SAU","Saudi Arabia","0","W00","World","H5","HS","true","TOTAL","All Commodities","0","false","C00","TOTAL CPC","0","0","TOTAL MOT","-1","N/A","0","false","-1","N/A","0","false","0","true","0","false",,"2070484616","2070484616","4","false","true",
"C","A","20210101","2021","52","2021","76","BRA","Brazil","X","Export","699","IND","India","0","W00","World","H5","HS","true","TOTAL","All Commodities","0","false","C00","TOTAL CPC","0","0","TOTAL MOT","-1","N/A","0","false","-1","N/A","0","false","0","true","0","false",,"4799018415","4799018415","4","false","true",
"C","A","20210101","2021","52","2021","76","BRA","Brazil","X","Export","710","ZAF","South Africa","0","W00","World","H5","HS","true","TOTAL","All Commodities","0","false","C00","TOTAL CPC","0","0","TOTAL MOT","-1","N/A","0","false","-1","N/A","0","false","0","true","0","false",,"1186757417","1186757417","4","false","true",
"C","A","20210101","2021","52","2021","76","BRA","Brazil","X","Export","784","ARE","United Arab Emirates","0","W00","World","H5","HS","true","TOTAL","All Commodities","0","false","C00","TOTAL CPC","0","0","TOTAL MOT","-1","N/A","0","false","-1","N/A","0","false","0","true","0","false",,"2327313250","2327313250","4","false","true",
"C","A","20210101","2021","52","2021","76","BRA","Brazil","X","Export","818","EGY","Egypt","0","W00","World","H5","HS","true","TOTAL","All Commodities","0","false","C00","TOTAL CPC","0","0","TOTAL MOT","-1","N/A","0","false","-1","N/A","0","false","0","true","0","false",,"2013901584","2013901584","4","false","true",
"C","A","20220101","2022","52","2022","76","BRA","Brazil","M","Import","156","CHN","China","0","W00","World","H6","HS","true","TOTAL","All Commodities","0","false","C00","TOTAL CPC","0","0","TOTAL MOT","-1","N/A","0","false","-1","N/A","0","false","0","true","0","false","67767819341","60744584847","67767819341","4","false","true",
"C","A","20220101","2022","52","2022","76","BRA","Brazil","M","Import","231","ETH","Ethiopia","0","W00","World","H6","HS","true","TOTAL","All Commodities","0","false","C00","TOTAL CPC","0","0","TOTAL MOT","-1","N/A","0","false","-1","N/A","0","false","0","true","0","false","457060","389442","457060","4","false","true",
"C","A","20220101","2022","52","2022","76","BRA","Brazil","M","Import","360","IDN","Indonesia","0","W00","World","H6","HS","true","TOTAL","All Commodities","0","false","C00","TOTAL CPC","0","0","TOTAL MOT","-1","N/A","0","false","-1","N/A","0","false","0","true","0","false","2070834293","1863747322","2070834293","4","false","true",
"C","A","20220101","2022","52","2022","76","BRA","Brazil","M","Import","364","IRN","Iran","0","W00","World","H6","HS","true","TOTAL","All Commodities","0","false","C00","TOTAL CPC","0","0","TOTAL MOT","-1","N/A","0","false","-1","N/A","0","false","0","true","0","false","149572601","139172710","149572601","4","false","true",
"C","A","20220101","2022","52","2022","76","BRA","Brazil","M","Import","643","RUS","Russian Federation","0","W00","World","H6","HS","true","TOTAL","All Commodities","0","false","C00","TOTAL CPC","0","0","TOTAL MOT","-1","N/A","0","false","-1","N/A","0","false","0","true","0","false","8629991236","7852300249","8629991236","4","false","true",
"C","A","20220101","2022","52","2022","76","BRA","Brazil","M","Import","682","SAU","Saudi Arabia","0","W00","World","H6","HS","true","TOTAL","All Commodities","0","false","C00","TOTAL CPC","0","0","TOTAL MOT","-1","N/A","0","false","-1","N/A","0","false","0","true","0","false","5498564452","5297644671","5498564452","4","false","true",
"C","A","20220101","2022","52","2022","76","BRA","Brazil","M","Import","699","IND","India","0","W00","World","H6","HS","true","TOTAL","All Commodities","0","false","C00","TOTAL CPC","0","0","TOTAL MOT","-1","N/A","0","false","-1","N/A","0","false","0","true","0","false","9602137318","8864536397","9602137318","4","false","true",
"C","A","20220101","2022","52","2022","76","BRA","Brazil","M","Import","710","ZAF","South Africa","0","W00","World","H6","HS","true","TOTAL","All Commodities","0","false","C00","TOTAL CPC","0","0","TOTAL MOT","-1","N/A","0","false","-1","N/A","0","false","0","true","0","false","951614012","907790825","951614012","4","false","true",
"C","A","20220101","2022","52","2022","76","BRA","Brazil","M","Import","784","ARE","United Arab Emirates","0","W00","World","H6","HS","true","TOTAL","All Commodities","0","false","C00","TOTAL CPC","0","0","TOTAL MOT","-1","N/A","0","false","-1","N/A","0","false","0","true","0","false","2641799506","2518546247","2641799506","4","false","true",
"C","A","20220101","2022","52","2022","76","BRA","Brazil","M","Import","818","EGY","Egypt","0","W00","World","H6","HS","true","TOTAL","All Commodities","0","false","C00","TOTAL CPC","0","0","TOTAL MOT","-1","N/A","0","false","-1","N/A","0","false","0","true","0","false","735091956","640110094","735091956","4","false","true",
"C","A","20220101","2022","52","2022","76","BRA","Brazil","X","Export","156","CHN","China","0","W00","World","H6","HS","true","TOTAL","All Commodities","0","false","C00","TOTAL CPC","0","0","TOTAL MOT","-1","N/A","0","false","-1","N/A","0","false","0","true","0","false","0","89718898618","89718898618","4","false","true",
"C","A","20220101","2022","52","2022","76","BRA","Brazil","X","Export","231","ETH","Ethiopia","0","W00","World","H6","HS","true","TOTAL","All Commodities","0","false","C00","TOTAL CPC","0","0","TOTAL MOT","-1","N/A","0","false","-1","N/A","0","false","0","true","0","false","0","28713223","28713223","4","false","true",
"C","A","20220101","2022","52","2022","76","BRA","Brazil","X","Export","360","IDN","Indonesia","0","W00","World","H6","HS","true","TOTAL","All Commodities","0","false","C00","TOTAL CPC","0","0","TOTAL MOT","-1","N/A","0","false","-1","N/A","0","false","0","true","0","false","0","3108388764","3108388764","4","false","true",
"C","A","20220101","2022","52","2022","76","BRA","Brazil","X","Export","364","IRN","Iran","0","W00","World","H6","HS","true","TOTAL","All Commodities","0","false","C00","TOTAL CPC","0","0","TOTAL MOT","-1","N/A","0","false","-1","N/A","0","false","0","true","0","false","0","4296796448","4296796448","4","false","true",
"C","A","20220101","2022","52","2022","76","BRA","Brazil","X","Export","643","RUS","Russian Federation","0","W00","World","H6","HS","true","TOTAL","All Commodities","0","false","C00","TOTAL CPC","0","0","TOTAL MOT","-1","N/A","0","false","-1","N/A","0","false","0","true","0","false","0","1973629407","1973629407","4","false","true",
"C","A","20220101","2022","52","2022","76","BRA","Brazil","X","Export","682","SAU","Saudi Arabia","0","W00","World","H6","HS","true","TOTAL","All Commodities","0","false","C00","TOTAL CPC","0","0","TOTAL MOT","-1","N/A","0","false","-1","N/A","0","false","0","true","0","false","0","2924845197","2924845197","4","false","true",
"C","A","20220101","2022","52","2022","76","BRA","Brazil","X","Export","699","IND","India","0","W00","World","H6","HS","true","TOTAL","All Commodities","0","false","C00","TOTAL CPC","0","0","TOTAL MOT","-1","N/A","0","false","-1","N/A","0","false","0","true","0","false","0","6340499443","6340499443","4","false","true",
"C","A","20220101","2022","52","2022","76","BRA","Brazil","X","Export","710","ZAF","South Africa","0","W00","World","H6","HS","true","TOTAL","All Commodities","0","false","C00","TOTAL CPC","0","0","TOTAL MOT","-1","N/A","0","false","-1","N/A","0","false","0","true","0","false","0","1725255350","1725255350","4","false","true",
"C","A","20220101","2022","52","2022","76","BRA","Brazil","X","Export","784","ARE","United Arab Emirates","0","W00","World","H6","HS","true","TOTAL","All Commodities","0","false","C00","TOTAL CPC","0","0","TOTAL MOT","-1","N/A","0","false","-1","N/A","0","false","0","true","0","false","0","3260274393","3260274393","4","false","true",
"C","A","20220101","2022","52","2022","76","BRA","Brazil","X","Export","818","EGY","Egypt","0","W00","World","H6","HS","true","TOTAL","All Commodities","0","false","C00","TOTAL CPC","0","0","TOTAL MOT","-1","N/A","0","false","-1","N/A","0","false","0","true","0","false","0","2843541457","2843541457","4","false","true",
"C","A","20230101","2023","52","2023","76","BRA","Brazil","M","Import","156","CHN","China","0","W00","World","H6","HS","true","TOTAL","All Commodities","0","false","C00","TOTAL CPC","0","0","TOTAL MOT","-1","N/A","0","false","-1","N/A","0","false","0","true","0","false","55980490153","53175757148","55980490153","4","false","true",
"C","A","20230101","2023","52","2023","76","BRA","Brazil","M","Import","231","ETH","Ethiopia","0","W00","World","H6","HS","true","TOTAL","All Commodities","0","false","C00","TOTAL CPC","0","0","TOTAL MOT","-1","N/A","0","false","-1","N/A","0","false","0","true","0","false","199145","190813","199145","4","false","true",
"C","A","20230101","2023","52","2023","76","BRA","Brazil","M","Import","360","IDN","Indonesia","0","W00","World","H6","HS","true","TOTAL","All Commodities","0","false","C00","TOTAL CPC","0","0","TOTAL MOT","-1","N/A","0","false","-1","N/A","0","false","0","true","0","false","1588571166","1465413959","1588571166","4","false","true",
"C","A","20230101","2023","52","2023","76","BRA","Brazil","M","Import","364","IRN","Iran","0","W00","World","H6","HS","true","TOTAL","All Commodities","0","false","C00","TOTAL CPC","0","0","TOTAL MOT","-1","N/A","0","false","-1","N/A","0","false","0","true","0","false","3974730","3795129","3974730","4","false","true",
"C","A","20230101","2023","52","2023","76","BRA","Brazil","M","Import","643","RUS","Russian Federation","0","W00","World","H6","HS","true","TOTAL","All Commodities","0","false","C00","TOTAL CPC","0","0","TOTAL MOT","-1","N/A","0","false","-1","N/A","0","false","0","true","0","false","11134261884","10012627611","11134261884","4","false","true",
"C","A","20230101","2023","52","2023","76","BRA","Brazil","M","Import","682","SAU","Saudi Arabia","0","W00","World","H6","HS","true","TOTAL","All Commodities","0","false","C00","TOTAL CPC","0","0","TOTAL MOT","-1","N/A","0","false","-1","N/A","0","false","0","true","0","false","3673749277","3531822499","3673749277","4","false","true",
"C","A","20230101","2023","52","2023","76","BRA","Brazil","M","Import","699","IND","India","0","W00","World","H6","HS","true","TOTAL","All Commodities","0","false","C00","TOTAL CPC","0","0","TOTAL MOT","-1","N/A","0","false","-1","N/A","0","false","0","true","0","false","7181054098","6873149275","7181054098","4","false","true",
"C","A","20230101","2023","52","2023","76","BRA","Brazil","M","Import","710","ZAF","South Africa","0","W00","World","H6","HS","true","TOTAL","All Commodities","0","false","C00","TOTAL CPC","0","0","TOTAL MOT","-1","N/A","0","false","-1","N/A","0","false","0","true","0","false","605512996","577115632","605512996","4","false","true",
"C","A","20230101","2023","52","2023","76","BRA","Brazil","M","Import","784","ARE","United Arab Emirates","0","W00","World","H6","HS","true","TOTAL","All Commodities","0","false","C00","TOTAL CPC","0","0","TOTAL MOT","-1","N/A","0","false","-1","N/A","0","false","0","true","0","false","1254789837","1202418411","1254789837","4","false","true",
"C","A","20230101","2023","52","2023","76","BRA","Brazil","M","Import","818","EGY","Egypt","0","W00","World","H6","HS","true","TOTAL","All Commodities","0","false","C00","TOTAL CPC","0","0","TOTAL MOT","-1","N/A","0","false","-1","N/A","0","false","0","true","0","false","542768010","488970023","542768010","4","false","true",
"C","A","20230101","2023","52","2023","76","BRA","Brazil","X","Export","156","CHN","China","0","W00","World","H6","HS","true","TOTAL","All Commodities","0","false","C00","TOTAL CPC","0","0","TOTAL MOT","-1","N/A","0","false","-1","N/A","0","false","0","true","0","false",,"104324811805","104324811805","4","false","true",
"C","A","20230101","2023","52","2023","76","BRA","Brazil","X","Export","231","ETH","Ethiopia","0","W00","World","H6","HS","true","TOTAL","All Commodities","0","false","C00","TOTAL CPC","0","0","TOTAL MOT","-1","N/A","0","false","-1","N/A","0","false","0","true","0","false",,"23597636","23597636","4","false","true",
"C","A","20230101","2023","52","2023","76","BRA","Brazil","X","Export","360","IDN","Indonesia","0","W00","World","H6","HS","true","TOTAL","All Commodities","0","false","C00","TOTAL CPC","0","0","TOTAL MOT","-1","N/A","0","false","-1","N/A","0","false","0","true","0","false",,"4126775075","4126775075","4","false","true",
"C","A","20230101","2023","52","2023","76","BRA","Brazil","X","Export","364","IRN","Iran","0","W00","World","H6","HS","true","TOTAL","All Commodities","0","false","C00","TOTAL CPC","0","0","TOTAL MOT","-1","N/A","0","false","-1","N/A","0","false","0","true","0","false",,"2298109484","2298109484","4","false","true",
"C","A","20230101","2023","52","2023","76","BRA","Brazil","X","Export","643","RUS","Russian Federation","0","W00","World","H6","HS","true","TOTAL","All Commodities","0","false","C00","TOTAL CPC","0","0","TOTAL MOT","-1","N/A","0","false","-1","N/A","0","false","0","true","0","false",,"1343313932","1343313932","4","false","true",
"C","A","20230101","2023","52","2023","76","BRA","Brazil","X","Export","682","SAU","Saudi Arabia","0","W00","World","H6","HS","true","TOTAL","All Commodities","0","false","C00","TOTAL CPC","0","0","TOTAL MOT","-1","N/A","0","false","-1","N/A","0","false","0","true","0","false",,"3203556626","3203556626","4","false","true",
"C","A","20230101","2023","52","2023","76","BRA","Brazil","X","Export","699","IND","India","0","W00","World","H6","HS","true","TOTAL","All Commodities","0","false","C00","TOTAL CPC","0","0","TOTAL MOT","-1","N/A","0","false","-1","N/A","0","false","0","true","0","false",,"4686024342","4686024342","4","false","true",
"C","A","20230101","2023","52","2023","76","BRA","Brazil","X","Export","710","ZAF","South Africa","0","W00","World","H6","HS","true","TOTAL","All Commodities","0","false","C00","TOTAL CPC","0","0","TOTAL MOT","-1","N/A","0","false","-1","N/A","0","false","0","true","0","false",,"1642492859","1642492859","4","false","true",
"C","A","20230101","2023","52","2023","76","BRA","Brazil","X","Export","784","ARE","United Arab Emirates","0","W00","World","H6","HS","true","TOTAL","All Commodities","0","false","C00","TOTAL CPC","0","0","TOTAL MOT","-1","N/A","0","false","-1","N/A","0","false","0","true","0","false",,"3165705594","3165705594","4","false","true",
"C","A","20230101","2023","52","2023","76","BRA","Brazil","X","Export","818","EGY","Egypt","0","W00","World","H6","HS","true","TOTAL","All Commodities","0","false","C00","TOTAL CPC","0","0","TOTAL MOT","-1","N/A","0","false","-1","N/A","0","false","0","true","0","false",,"2314700830","2314700830","4","false","true",
"C","A","20240101","2024","52","2024","76","BRA","Brazil","M","Import","156","CHN","China","0","W00","World","H6","HS","true","TOTAL","All Commodities","0","false","C00","TOTAL CPC","0","0","TOTAL MOT","-1","N/A","0","false","-1","N/A","0","false","0","true","0","false","69186022713","63579735781","69186022713","4","false","true",
"C","A","20240101","2024","52","2024","76","BRA","Brazil","M","Import","231","ETH","Ethiopia","0","W00","World","H6","HS","true","TOTAL","All Commodities","0","false","C00","TOTAL CPC","0","0","TOTAL MOT","-1","N/A","0","false","-1","N/A","0","false","0","true","0","false","713338","698199","713338","4","false","true",
"C","A","20240101","2024","52","2024","76","BRA","Brazil","M","Import","360","IDN","Indonesia","0","W00","World","H6","HS","true","TOTAL","All Commodities","0","false","C00","TOTAL CPC","0","0","TOTAL MOT","-1","N/A","0","false","-1","N/A","0","false","0","true","0","false","2040390433","1873958663","2040390433","4","false","true",
"C","A","20240101","2024","52","2024","76","BRA","Brazil","M","Import","364","IRN","Iran","0","W00","World","H6","HS","true","TOTAL","All Commodities","0","false","C00","TOTAL CPC","0","0","TOTAL MOT","-1","N/A","0","false","-1","N/A","0","false","0","true","0","false","10076087","9710479","10076087","4","false","true",
"C","A","20240101","2024","52","2024","76","BRA","Brazil","M","Import","643","RUS","Russian Federation","0","W00","World","H6","HS","true","TOTAL","All Commodities","0","false","C00","TOTAL CPC","0","0","TOTAL MOT","-1","N/A","0","false","-1","N/A","0","false","0","true","0","false","12207141530","10964070497","12207141530","4","false","true",
"C","A","20240101","2024","52","2024","76","BRA","Brazil","M","Import","682","SAU","Saudi Arabia","0","W00","World","H6","HS","true","TOTAL","All Commodities","0","false","C00","TOTAL CPC","0","0","TOTAL MOT","-1","N/A","0","false","-1","N/A","0","false","0","true","0","false","3177784667","3059307950","3177784667","4","false","true",
"C","A","20240101","2024","52","2024","76","BRA","Brazil","M","Import","699","IND","India","0","W00","World","H6","HS","true","TOTAL","All Commodities","0","false","C00","TOTAL CPC","0","0","TOTAL MOT","-1","N/A","0","false","-1","N/A","0","false","0","true","0","false","7252311650","6836131800","7252311650","4","false","true",
"C","A","20240101","2024","52","2024","76","BRA","Brazil","M","Import","710","ZAF","South Africa","0","W00","World","H6","HS","true","TOTAL","All Commodities","0","false","C00","TOTAL CPC","0","0","TOTAL MOT","-1","N/A","0","false","-1","N/A","0","false","0","true","0","false","681241450","657345865","681241450","4","false","true",
"C","A","20240101","2024","52","2024","76","BRA","Brazil","M","Import","784","ARE","United Arab Emirates","0","W00","World","H6","HS","true","TOTAL","All Commodities","0","false","C00","TOTAL CPC","0","0","TOTAL MOT","-1","N/A","0","false","-1","N/A","0","false","0","true","0","false","925994567","884637790","925994567","4","false","true",
"C","A","20240101","2024","52","2024","76","BRA","Brazil","M","Import","818","EGY","Egypt","0","W00","World","H6","HS","true","TOTAL","All Commodities","0","false","C00","TOTAL CPC","0","0","TOTAL MOT","-1","N/A","0","false","-1","N/A","0","false","0","true","0","false","1020565405","940504844","1020565405","4","false","true",
"C","A","20240101","2024","52","2024","76","BRA","Brazil","X","Export","156","CHN","China","0","W00","World","H6","HS","true","TOTAL","All Commodities","0","false","C00","TOTAL CPC","0","0","TOTAL MOT","-1","N/A","0","false","-1","N/A","0","false","0","true","0","false",,"94411140802","94411140802","4","false","true",
"C","A","20240101","2024","52","2024","76","BRA","Brazil","X","Export","231","ETH","Ethiopia","0","W00","World","H6","HS","true","TOTAL","All Commodities","0","false","C00","TOTAL CPC","0","0","TOTAL MOT","-1","N/A","0","false","-1","N/A","0","false","0","true","0","false",,"30598555","30598555","4","false","true",
"C","A","20240101","2024","52","2024","76","BRA","Brazil","X","Export","360","IDN","Indonesia","0","W00","World","H6","HS","true","TOTAL","All Commodities","0","false","C00","TOTAL CPC","0","0","TOTAL MOT","-1","N/A","0","false","-1","N/A","0","false","0","true","0","false",,"4487454436","4487454436","4","false","true",
"C","A","20240101","2024","52","2024","76","BRA","Brazil","X","Export","364","IRN","Iran","0","W00","World","H6","HS","true","TOTAL","All Commodities","0","false","C00","TOTAL CPC","0","0","TOTAL MOT","-1","N/A","0","false","-1","N/A","0","false","0","true","0","false",,"3004128078","3004128078","4","false","true",
"C","A","20240101","2024","52","2024","76","BRA","Brazil","X","Export","643","RUS","Russian Federation","0","W00","World","H6","HS","true","TOTAL","All Commodities","0","false","C00","TOTAL CPC","0","0","TOTAL MOT","-1","N/A","0","false","-1","N/A","0","false","0","true","0","false",,"1450252285","1450252285","4","false","true",
"C","A","20240101","2024","52","2024","76","BRA","Brazil","X","Export","682","SAU","Saudi Arabia","0","W00","World","H6","HS","true","TOTAL","All Commodities","0","false","C00","TOTAL CPC","0","0","TOTAL MOT","-1","N/A","0","false","-1","N/A","0","false","0","true","0","false",,"3114593451","3114593451","4","false","true",
"C","A","20240101","2024","52","2024","76","BRA","Brazil","X","Export","699","IND","India","0","W00","World","H6","HS","true","TOTAL","All Commodities","0","false","C00","TOTAL CPC","0","0","TOTAL MOT","-1","N/A","0","false","-1","N/A","0","false","0","true","0","false",,"5260909480","5260909480","4","false","true",
"C","A","20240101","2024","52","2024","76","BRA","Brazil","X","Export","710","ZAF","South Africa","0","W00","World","H6","HS","true","TOTAL","All Commodities","0","false","C00","TOTAL CPC","0","0","TOTAL MOT","-1","N/A","0","false","-1","N/A","0","false","0","true","0","false",,"1379366831","1379366831","4","false","true",
"C","A","20240101","2024","52","2024","76","BRA","Brazil","X","Export","784","ARE","United Arab Emirates","0","W00","World","H6","HS","true","TOTAL","All Commodities","0","false","C00","TOTAL CPC","0","0","TOTAL MOT","-1","N/A","0","false","-1","N/A","0","false","0","true","0","false",,"4543655263","4543655263","4","false","true",
"C","A","20240101","2024","52","2024","76","BRA","Brazil","X","Export","818","EGY","Egypt","0","W00","World","H6","HS","true","TOTAL","All Commodities","0","false","C00","TOTAL CPC","0","0","TOTAL MOT","-1","N/A","0","false","-1","N/A","0","false","0","true","0","false",,"3996647676","3996647676","4","false","true",
"C","A","20250101","2025","52","2025","76","BRA","Brazil","M","Import","156","CHN","China","0","W00","World","H6","HS","true","TOTAL","All Commodities","0","false","C00","TOTAL CPC","0","0","TOTAL MOT","-1","N/A","0","false","-1","N/A","0","false","0","true","0","false","75871729539","70929742098","75871729539","4","false","true",
"C","A","20250101","2025","52","2025","76","BRA","Brazil","M","Import","231","ETH","Ethiopia","0","W00","World","H6","HS","true","TOTAL","All Commodities","0","false","C00","TOTAL CPC","0","0","TOTAL MOT","-1","N/A","0","false","-1","N/A","0","false","0","true","0","false","1187080","1177804","1187080","4","false","true",
"C","A","20250101","2025","52","2025","76","BRA","Brazil","M","Import","360","IDN","Indonesia","0","W00","World","H6","HS","true","TOTAL","All Commodities","0","false","C00","TOTAL CPC","0","0","TOTAL MOT","-1","N/A","0","false","-1","N/A","0","false","0","true","0","false","2554168851","2389697752","2554168851","4","false","true",
"C","A","20250101","2025","52","2025","76","BRA","Brazil","M","Import","364","IRN","Iran","0","W00","World","H6","HS","true","TOTAL","All Commodities","0","false","C00","TOTAL CPC","0","0","TOTAL MOT","-1","N/A","0","false","-1","N/A","0","false","0","true","0","false","90810555","84594155","90810555","4","false","true",
"C","A","20250101","2025","52","2025","76","BRA","Brazil","M","Import","643","RUS","Russian Federation","0","W00","World","H6","HS","true","TOTAL","All Commodities","0","false","C00","TOTAL CPC","0","0","TOTAL MOT","-1","N/A","0","false","-1","N/A","0","false","0","true","0","false","10286426704","9409029151","10286426704","4","false","true",
"C","A","20250101","2025","52","2025","76","BRA","Brazil","M","Import","682","SAU","Saudi Arabia","0","W00","World","H6","HS","true","TOTAL","All Commodities","0","false","C00","TOTAL CPC","0","0","TOTAL MOT","-1","N/A","0","false","-1","N/A","0","false","0","true","0","false","3551963382","3419503828","3551963382","4","false","true",
"C","A","20250101","2025","52","2025","76","BRA","Brazil","M","Import","699","IND","India","0","W00","World","H6","HS","true","TOTAL","All Commodities","0","false","C00","TOTAL CPC","0","0","TOTAL MOT","-1","N/A","0","false","-1","N/A","0","false","0","true","0","false","8764517135","8351388812","8764517135","4","false","true",
"C","A","20250101","2025","52","2025","76","BRA","Brazil","M","Import","710","ZAF","South Africa","0","W00","World","H6","HS","true","TOTAL","All Commodities","0","false","C00","TOTAL CPC","0","0","TOTAL MOT","-1","N/A","0","false","-1","N/A","0","false","0","true","0","false","827928718","804839244","827928718","4","false","true",
"C","A","20250101","2025","52","2025","76","BRA","Brazil","M","Import","784","ARE","United Arab Emirates","0","W00","World","H6","HS","true","TOTAL","All Commodities","0","false","C00","TOTAL CPC","0","0","TOTAL MOT","-1","N/A","0","false","-1","N/A","0","false","0","true","0","false","665984126","628208447","665984126","4","false","true",
"C","A","20250101","2025","52","2025","76","BRA","Brazil","M","Import","818","EGY","Egypt","0","W00","World","H6","HS","true","TOTAL","All Commodities","0","false","C00","TOTAL CPC","0","0","TOTAL MOT","-1","N/A","0","false","-1","N/A","0","false","0","true","0","false","1474475414","1389924074","1474475414","4","false","true",
"C","A","20250101","2025","52","2025","76","BRA","Brazil","X","Export","156","CHN","China","0","W00","World","H6","HS","true","TOTAL","All Commodities","0","false","C00","TOTAL CPC","0","0","TOTAL MOT","-1","N/A","0","false","-1","N/A","0","false","0","true","0","false",,"100021440850","100021440850","4","false","true",
"C","A","20250101","2025","52","2025","76","BRA","Brazil","X","Export","231","ETH","Ethiopia","0","W00","World","H6","HS","true","TOTAL","All Commodities","0","false","C00","TOTAL CPC","0","0","TOTAL MOT","-1","N/A","0","false","-1","N/A","0","false","0","true","0","false",,"31067828","31067828","4","false","true",
"C","A","20250101","2025","52","2025","76","BRA","Brazil","X","Export","360","IDN","Indonesia","0","W00","World","H6","HS","true","TOTAL","All Commodities","0","false","C00","TOTAL CPC","0","0","TOTAL MOT","-1","N/A","0","false","-1","N/A","0","false","0","true","0","false",,"4147190745","4147190745","4","false","true",
"C","A","20250101","2025","52","2025","76","BRA","Brazil","X","Export","364","IRN","Iran","0","W00","World","H6","HS","true","TOTAL","All Commodities","0","false","C00","TOTAL CPC","0","0","TOTAL MOT","-1","N/A","0","false","-1","N/A","0","false","0","true","0","false",,"2920974008","2920974008","4","false","true",
"C","A","20250101","2025","52","2025","76","BRA","Brazil","X","Export","643","RUS","Russian Federation","0","W00","World","H6","HS","true","TOTAL","All Commodities","0","false","C00","TOTAL CPC","0","0","TOTAL MOT","-1","N/A","0","false","-1","N/A","0","false","0","true","0","false",,"1522596996","1522596996","4","false","true",
"C","A","20250101","2025","52","2025","76","BRA","Brazil","X","Export","682","SAU","Saudi Arabia","0","W00","World","H6","HS","true","TOTAL","All Commodities","0","false","C00","TOTAL CPC","0","0","TOTAL MOT","-1","N/A","0","false","-1","N/A","0","false","0","true","0","false",,"3127274767","3127274767","4","false","true",
"C","A","20250101","2025","52","2025","76","BRA","Brazil","X","Export","699","IND","India","0","W00","World","H6","HS","true","TOTAL","All Commodities","0","false","C00","TOTAL CPC","0","0","TOTAL MOT","-1","N/A","0","false","-1","N/A","0","false","0","true","0","false",,"6863337689","6863337689","4","false","true",
"C","A","20250101","2025","52","2025","76","BRA","Brazil","X","Export","710","ZAF","South Africa","0","W00","World","H6","HS","true","TOTAL","All Commodities","0","false","C00","TOTAL CPC","0","0","TOTAL MOT","-1","N/A","0","false","-1","N/A","0","false","0","true","0","false",,"1467633406","1467633406","4","false","true",
"C","A","20250101","2025","52","2025","76","BRA","Brazil","X","Export","784","ARE","United Arab Emirates","0","W00","World","H6","HS","true","TOTAL","All Commodities","0","false","C00","TOTAL CPC","0","0","TOTAL MOT","-1","N/A","0","false","-1","N/A","0","false","0","true","0","false",,"3776946421","3776946421","4","false","true",
"C","A","20250101","2025","52","2025","76","BRA","Brazil","X","Export","818","EGY","Egypt","0","W00","World","H6","HS","true","TOTAL","All Commodities","0","false","C00","TOTAL CPC","0","0","TOTAL MOT","-1","N/A","0","false","-1","N/A","0","false","0","true","0","false",,"3732171755","3732171755","4","false","true",
